{"AUC": [[0.7973402368962337, 0.8090040409564611, 0.8681798681798683, 0.8886629332897318, 0.819252646425195], [0.7984254202425705, 0.8109865402728407, 0.8762138762138763, 0.8896848430346631, 0.8241812743137892], [0.7986027377828215, 0.8074848843921854, 0.873951873951874, 0.8896439666448659, 0.8249097193161916], [0.8024469820554649, 0.809809193935527, 0.8714753714753715, 0.8858118051013735, 0.8219029463275522], [0.7984963472586708, 0.8132652751192538, 0.8738543738543738, 0.8887038096795291, 0.8242665178779002], [0.799163061210015, 0.8101130252483821, 0.8723333723333724, 0.8916877861347285, 0.82586289735125], [0.7992198028228952, 0.8109333697930908, 0.8718458718458718, 0.8902877697841727, 0.8227398831388231], [0.7969075820980213, 0.8092774891380305, 0.8696033696033696, 0.88928629823414, 0.8256304149036747], [0.79836867862969, 0.8127259745389359, 0.8692718692718693, 0.8873344506213212, 0.824475752080718], [0.7996737357259379, 0.8093914258803512, 0.8695838695838696, 0.8864147318508829, 0.8254056818710187], [0.8016100432654798, 0.810310515601738, 0.8744588744588745, 0.8886424950948333, 0.8245067497403944], [0.7976806865735158, 0.806672135630298, 0.8784368784368785, 0.8868030575539569, 0.8252119464980394], [0.7961415703241365, 0.8089052957797831, 0.8727233727233727, 0.8907374100719425, 0.8242742672928194], [0.7971629193559827, 0.8101965788594172, 0.8741663741663742, 0.8906147809025506, 0.8224144077122177], [0.795907511171005, 0.8088749126484975, 0.8753753753753755, 0.8869665631131459, 0.8230963562251049], [0.7984183275409604, 0.8132500835536111, 0.8724698724698725, 0.8912279267495096, 0.8242587684629811], [0.7983119370168097, 0.8114119041108376, 0.8721578721578721, 0.8878556245912361, 0.8240030377706482], [0.7987658699198525, 0.8083963783307507, 0.8715338715338715, 0.8883563603662525, 0.8230653585654284], [0.7980495070572381, 0.8089660620423541, 0.8709098709098709, 0.890430837148463, 0.8234683281412252], [0.8005248599191431, 0.8109789444900192, 0.8722163722163723, 0.8856176422498364, 0.8238093023976689]], "acc": [0.5848161328588375, 0.5871886120996441, 0.5800711743772242, 0.5895610913404508, 0.5836298932384342, 0.5848161328588375, 0.5848161328588375, 0.5954922894424673, 0.5895610913404508, 0.5776986951364176, 0.5824436536180309, 0.561091340450771, 0.571767497034401, 0.5895610913404508, 0.5836298932384342, 0.5931198102016607, 0.5907473309608541, 0.5776986951364176, 0.5824436536180309, 0.5931198102016607], "Precision": [0.5854211777474493, 0.5879715800891232, 0.5840959946500902, 0.5923509423157653, 0.5851895279816047, 0.5853257068477231, 0.5898536531568851, 0.5967555899584345, 0.5931665628064713, 0.5825060231594112, 0.58465965793866, 0.5658844707169938, 0.5780561587509531, 0.5954301438165553, 0.5871305751537653, 0.5993551638325414, 0.5920008040692194, 0.585481542180306, 0.5862088944189191, 0.5980221969157007], "Recall": [0.5848161328588375, 0.5871886120996441, 0.5800711743772242, 0.5895610913404508, 0.5836298932384342, 0.5848161328588375, 0.5848161328588375, 0.5954922894424673, 0.5895610913404508, 0.5776986951364176, 0.5824436536180309, 0.561091340450771, 0.571767497034401, 0.5895610913404508, 0.5836298932384342, 0.5931198102016607, 0.5907473309608541, 0.5776986951364176, 0.5824436536180309, 0.5931198102016607], "F0.5": [0.5848057689887182, 0.5863023675729879, 0.5817725170612063, 0.5896860990454076, 0.5818673645964768, 0.5834305575974675, 0.5872677414269305, 0.595516436996154, 0.5908655140481914, 0.5799418896502286, 0.5832356648983026, 0.5637850166353661, 0.5744048344956694, 0.5919899367329289, 0.5854578611963976, 0.5955240315430936, 0.5897726154961759, 0.5819054940238253, 0.5831406602608905, 0.5943441384043413], "F0": [0.5854211777474493, 0.5879715800891232, 0.5840959946500902, 0.5923509423157653, 0.5851895279816047, 0.5853257068477231, 0.5898536531568851, 0.5967555899584345, 0.5931665628064713, 0.5825060231594112, 0.58465965793866, 0.5658844707169938, 0.5780561587509531, 0.5954301438165553, 0.5871305751537653, 0.5993551638325414, 0.5920008040692194, 0.585481542180306, 0.5862088944189191, 0.5980221969157007], "F1": [0.584342996507108, 0.5853700066695318, 0.5797465875546554, 0.587784259922762, 0.5800893978499658, 0.5824752294832601, 0.5848531491380514, 0.5946084928153667, 0.5889594390201275, 0.5775985645143703, 0.581995768197261, 0.5617189748388807, 0.5712255824792302, 0.5889465554343968, 0.5839105275595693, 0.5922222684683474, 0.5885247303118268, 0.5785383404472654, 0.5808056922901792, 0.5915419537892747]}