{"AUC": [[0.8180296474927301, 0.8081533132804666, 0.9111774111774111, 0.9148136036625245, 0.8262658669270471], [0.8117455138662316, 0.8111004770151612, 0.9163839163839164, 0.9148749182472203, 0.8284821995939308], [0.8172920065252854, 0.8132045088566828, 0.907959907959908, 0.9182267822105952, 0.8249949628803026], [0.8143910915667778, 0.8140096618357489, 0.9128544128544129, 0.9133624918247221, 0.8212907425489374], [0.8127101212851976, 0.8128930817610063, 0.9223509223509223, 0.91711290058862, 0.8228483749476915], [0.8138094900347542, 0.8157263087533801, 0.9195624195624196, 0.9107464028776978, 0.8260876303839059], [0.8115611036243705, 0.8123537811806885, 0.9129519129519129, 0.9158150752125572, 0.8275367709737915], [0.8122420029789348, 0.8153541153951326, 0.9210639210639211, 0.9246034990189667, 0.8267850777266317], [0.8202496630966735, 0.8147844316835294, 0.9118014118014118, 0.9168880804447351, 0.8303188109297748], [0.8138307681395843, 0.812224652872725, 0.9127764127764129, 0.9160194571615435, 0.8272887896963781], [0.8156039435420952, 0.8153996900920609, 0.9088179088179088, 0.9157231033355134, 0.8230963562251049], [0.8049436130222003, 0.8165390575152675, 0.9169299169299169, 0.9183596304774362, 0.8170673114179879], [0.8130718490673097, 0.8070747121198311, 0.9156039156039156, 0.9189625572269456, 0.8194076347235785], [0.8091779558833959, 0.8163643545103758, 0.9187824187824187, 0.9173275016350556, 0.8290324080531921], [0.811149726930988, 0.8138273630480357, 0.9116649116649117, 0.9190647482014388, 0.8219494428170673], [0.8132917228172211, 0.8063189317291041, 0.9184314184314184, 0.916489535644212, 0.82117450132515], [0.8115398255195403, 0.8179746604685079, 0.913985413985414, 0.9157946370176586, 0.831442476093055], [0.8079934747145188, 0.8161668641570201, 0.9134394134394135, 0.9163158109875735, 0.8254366795306955], [0.8139868075750054, 0.8134475739069669, 0.910865410865411, 0.9148851373446698, 0.8257079090528665], [0.8082417192708703, 0.8145489624160666, 0.9157599157599158, 0.9117172171353827, 0.8293113869902822]], "acc": [0.5871886120996441, 0.6073546856465006, 0.6073546856465006, 0.604982206405694, 0.604982206405694, 0.5966785290628707, 0.597864768683274, 0.5812574139976275, 0.608540925266904, 0.597864768683274, 0.604982206405694, 0.6026097271648873, 0.6002372479240806, 0.5860023724792408, 0.5883748517200474, 0.5871886120996441, 0.6002372479240806, 0.594306049822064, 0.594306049822064, 0.5931198102016607], "Precision": [0.5977976576607177, 0.6087473055032604, 0.6151478702461947, 0.6088889182828894, 0.6105173750214694, 0.6010722285324892, 0.600803880422465, 0.5867104487324283, 0.6147018037032218, 0.5994364205616612, 0.6079361780592462, 0.6046679377622178, 0.6055655856508935, 0.5930754393427077, 0.59140628957062, 0.5914068130355081, 0.601130200387496, 0.5961881693864365, 0.5966342016006304, 0.5966980826923255], "Recall": [0.5871886120996441, 0.6073546856465006, 0.6073546856465006, 0.604982206405694, 0.604982206405694, 0.5966785290628707, 0.597864768683274, 0.5812574139976275, 0.608540925266904, 0.597864768683274, 0.604982206405694, 0.6026097271648873, 0.6002372479240806, 0.5860023724792408, 0.5883748517200474, 0.5871886120996441, 0.6002372479240806, 0.594306049822064, 0.594306049822064, 0.5931198102016607], "F0.5": [0.5914524538189194, 0.607325412184147, 0.6097293664768438, 0.6056369022533344, 0.6072479491665445, 0.5981498558179417, 0.5991096799294989, 0.5829285180135765, 0.6108166233505213, 0.5980919734730366, 0.6053708211305764, 0.6031019123013951, 0.6012463959614027, 0.5889520470348543, 0.5896058766024921, 0.5884116533926195, 0.6000963082216502, 0.5944344672050338, 0.5941784093424407, 0.5945641187492955], "F0": [0.5977976576607177, 0.6087473055032604, 0.6151478702461947, 0.6088889182828894, 0.6105173750214694, 0.6010722285324892, 0.600803880422465, 0.5867104487324283, 0.6147018037032218, 0.5994364205616612, 0.6079361780592462, 0.6046679377622178, 0.6055655856508935, 0.5930754393427077, 0.59140628957062, 0.5914068130355081, 0.601130200387496, 0.5961881693864365, 0.5966342016006304, 0.5966980826923255], "F1": [0.5866614972693969, 0.6064197645335286, 0.6057816054441819, 0.6034674658994211, 0.6046862266394741, 0.5960594405602776, 0.597739204763262, 0.5803607233024112, 0.6077328578663814, 0.5971053662299266, 0.6037327798329007, 0.6019012513833333, 0.5981194902854621, 0.5858454563217359, 0.5881839087768094, 0.586310859166153, 0.5994320766090462, 0.5932408439438236, 0.5927809230386472, 0.5928516768822354]}