{"AUC": [[0.7957869352436343, 0.8182936833470058, 0.8864123864123864, 0.9197596468279922, 0.8164938547139691], [0.8053478970139728, 0.8117840974690851, 0.8852813852813853, 0.9307349574885546, 0.8236078176097705], [0.8034115894744308, 0.8046364658341689, 0.890975390975391, 0.921159663178548, 0.8200198385021931], [0.7969856018157315, 0.8061784097469085, 0.8855543855543857, 0.9310824068018313, 0.8138668030563693], [0.7995389743953473, 0.8031628839668215, 0.8910533910533911, 0.926667756703728, 0.8177802575905518], [0.7997021065323782, 0.8102193662078814, 0.8867633867633868, 0.9291203400915631, 0.8218641992529564], [0.8038016880629832, 0.8074696928265428, 0.8892983892983893, 0.9230093198168738, 0.8224531547868135], [0.7991134122987446, 0.8067177103272263, 0.8926133926133926, 0.9256356278613473, 0.825506424264968], [0.8044045676998368, 0.8119512046911554, 0.8931788931788931, 0.9257991334205363, 0.8178190046651478], [0.8028583587488474, 0.8053884483334852, 0.8903513903513903, 0.9198005232177894, 0.8165713488631607], [0.8025959287892758, 0.8059809193935528, 0.8882258882258882, 0.9288648626553303, 0.8129291238511492], [0.8038158734662032, 0.8119132257770486, 0.8875043875043875, 0.9278327338129496, 0.8175942716324917], [0.8079863820129086, 0.8161212894600918, 0.8910728910728911, 0.926279431000654, 0.8213139907936949], [0.8038726150790836, 0.8147844316835293, 0.8894153894153894, 0.9260443917593199, 0.8129678709257452], [0.7985956450812114, 0.804720019445204, 0.8884598884598884, 0.92693345323741, 0.8150369647091644], [0.8063479679409887, 0.8056087260353052, 0.8926523926523926, 0.9313072269457162, 0.8222206723392385], [0.8001276686289809, 0.8057682374745541, 0.8903903903903905, 0.9250633584041857, 0.8191364052014073], [0.8041705085467055, 0.81148026615623, 0.8934128934128934, 0.9249611674296927, 0.8226158925001162], [0.7955386906872829, 0.810553580652022, 0.888011388011388, 0.9276896664486592, 0.8213449884533717], [0.8025817433860558, 0.8015449822258681, 0.8852423852423852, 0.9302955362982341, 0.8180282388679655]], "acc": [0.5729537366548043, 0.5860023724792408, 0.564650059311981, 0.5907473309608541, 0.5836298932384342, 0.571767497034401, 0.5765124555160143, 0.5776986951364176, 0.5741399762752076, 0.5812574139976275, 0.5705812574139977, 0.5812574139976275, 0.5705812574139977, 0.5931198102016607, 0.5800711743772242, 0.5883748517200474, 0.5693950177935944, 0.5919335705812574, 0.5883748517200474, 0.5670225385527876], "Precision": [0.5832849723851292, 0.5893421126842582, 0.5726818221689548, 0.5965242443171983, 0.5859913359617381, 0.5787419544626383, 0.5800762334706, 0.5815720077470559, 0.5836712398019798, 0.5818837505448734, 0.5756606020806759, 0.5864160081508099, 0.5720516120851844, 0.5996481092970802, 0.5951224792992782, 0.5924538919272792, 0.5830652014455654, 0.5943690207012866, 0.601581407597911, 0.5660326014192928], "Recall": [0.5729537366548043, 0.5860023724792408, 0.564650059311981, 0.5907473309608541, 0.5836298932384342, 0.571767497034401, 0.5765124555160143, 0.5776986951364176, 0.5741399762752076, 0.5812574139976275, 0.5705812574139977, 0.5812574139976275, 0.5705812574139977, 0.5931198102016607, 0.5800711743772242, 0.5883748517200474, 0.5693950177935944, 0.5919335705812574, 0.5883748517200474, 0.5670225385527876], "F0.5": [0.5761228191616109, 0.5874797758964083, 0.5662310096947383, 0.5926619071570798, 0.5846551710203732, 0.573335503740583, 0.576499375346706, 0.5781913714121643, 0.5780589971369083, 0.5805091339623708, 0.5724824807852965, 0.5818294118147123, 0.5700358485169517, 0.595671444857084, 0.584547962861992, 0.589268575049542, 0.574462624352074, 0.5930935376507024, 0.5943511884679796, 0.5653167113004522], "F0": [0.5832849723851292, 0.5893421126842582, 0.5726818221689548, 0.5965242443171983, 0.5859913359617381, 0.5787419544626383, 0.5800762334706, 0.5815720077470559, 0.5836712398019798, 0.5818837505448734, 0.5756606020806759, 0.5864160081508099, 0.5720516120851844, 0.5996481092970802, 0.5951224792992782, 0.5924538919272792, 0.5830652014455654, 0.5943690207012866, 0.601581407597911, 0.5660326014192928], "F1": [0.5701555707623348, 0.58587016423617, 0.5623587075780978, 0.5894384817811676, 0.5835486685843219, 0.5697075360269178, 0.5743127615513003, 0.575685339570036, 0.5729840259245609, 0.5797162190618109, 0.5696951555307128, 0.5790720903796054, 0.5687206099190021, 0.5924774731669158, 0.5779760249425442, 0.5871739329083006, 0.5676277214438216, 0.5919602870944296, 0.5883188255999263, 0.5651736417752604]}