{"AUC": [[0.7956592666146536, 0.8185747273113967, 0.8925743925743925, 0.8818263570961413, 0.8299545884285737], [0.8025179090715654, 0.8236259228876128, 0.9064974064974065, 0.8863329790712885, 0.8404007997396198], [0.8039009858855237, 0.8127183787561146, 0.8923013923013923, 0.8900833878351864, 0.8226933866493079], [0.8058798496347258, 0.8193039224622489, 0.9010764010764011, 0.8892760791366906, 0.8292338928410905], [0.8011064614511668, 0.8262768510922737, 0.9054054054054054, 0.882991334205363, 0.8279862370391036], [0.8046173487481382, 0.8288138425546137, 0.9032799032799034, 0.8917899771092217, 0.8439887788471969], [0.8029789346762182, 0.8200710965272081, 0.8893373893373893, 0.8817752616088946, 0.8358441437671457], [0.8041705085467055, 0.8162808008993407, 0.9006669006669007, 0.8902264551994767, 0.8342787619534725], [0.7966238740336195, 0.8048567435359888, 0.8855738855738855, 0.8843811314584696, 0.8167650842361401], [0.800815660685155, 0.8050390423237019, 0.8968253968253967, 0.88377820470896, 0.8314967219974891], [0.8034257748776509, 0.8246513535684987, 0.8828633828633828, 0.8836555755395684, 0.826622340013329], [0.802276757216824, 0.8104776228238083, 0.898053898053898, 0.8838190810987574, 0.8305435439624308], [0.798709128306972, 0.8159162033239146, 0.9053859053859055, 0.8828687050359711, 0.8212287472295842], [0.8016313213703099, 0.8268617263695197, 0.8957528957528959, 0.8674480869849575, 0.8319461880628014], [0.7985814596779913, 0.8046060827028834, 0.8925743925743925, 0.8857709287115763, 0.8264286046403497], [0.803099510603589, 0.8041123568194938, 0.8933348933348934, 0.8832876880313931, 0.8250414593698175], [0.8036952975388327, 0.7979141980372497, 0.8908388908388909, 0.8805591890124264, 0.8106352970350739], [0.8076317469324066, 0.8226764500349406, 0.8967863967863968, 0.8899301013734466, 0.833899040622433], [0.8083268316901908, 0.8134931486038952, 0.8939003939003939, 0.8868337148463048, 0.8303188109297748], [0.8027235974182567, 0.8106599216115211, 0.9037674037674037, 0.8890614780902553, 0.836262612172781]], "acc": [0.5883748517200474, 0.5836298932384342, 0.5765124555160143, 0.5682087781731909, 0.5848161328588375, 0.5907473309608541, 0.5860023724792408, 0.5788849347568209, 0.5504151838671412, 0.564650059311981, 0.5765124555160143, 0.5741399762752076, 0.5765124555160143, 0.5860023724792408, 0.571767497034401, 0.5776986951364176, 0.571767497034401, 0.5860023724792408, 0.5848161328588375, 0.5907473309608541], "Precision": [0.5920698530669162, 0.5832115510194684, 0.5950626080472059, 0.576737588191808, 0.5943801525323261, 0.5941826871137065, 0.596577510868821, 0.5840275821598438, 0.5572680928304428, 0.601087589583049, 0.5954575732884805, 0.5875449825615809, 0.5830362235647614, 0.5928262511690874, 0.578018938127699, 0.5830386396298712, 0.5910439867520266, 0.5932201242928282, 0.6093438001648922, 0.6007935756746267], "Recall": [0.5883748517200474, 0.5836298932384342, 0.5765124555160143, 0.5682087781731909, 0.5848161328588375, 0.5907473309608541, 0.5860023724792408, 0.5788849347568209, 0.5504151838671412, 0.564650059311981, 0.5765124555160143, 0.5741399762752076, 0.5765124555160143, 0.5860023724792408, 0.571767497034401, 0.5776986951364176, 0.571767497034401, 0.5860023724792408, 0.5848161328588375, 0.5907473309608541], "F0.5": [0.5876319403717709, 0.5824782254369933, 0.5804079800705197, 0.5686046791233956, 0.5889891332517925, 0.5914227208397045, 0.5897749444085244, 0.58061535438748, 0.5523512898362938, 0.5764842356641218, 0.5831602967392653, 0.5774745029421465, 0.5781865277890244, 0.588578257192788, 0.5717451166626624, 0.5783416012591658, 0.576339359905889, 0.587933420167396, 0.5922740783944359, 0.5932913425497623], "F0": [0.5920698530669162, 0.5832115510194684, 0.5950626080472059, 0.576737588191808, 0.5943801525323261, 0.5941826871137065, 0.596577510868821, 0.5840275821598438, 0.5572680928304428, 0.601087589583049, 0.5954575732884805, 0.5875449825615809, 0.5830362235647614, 0.5928262511690874, 0.578018938127699, 0.5830386396298712, 0.5910439867520266, 0.5932201242928282, 0.6093438001648923, 0.6007935756746267], "F1": [0.584763432929152, 0.5821661012268058, 0.5706580233960866, 0.5633063509438849, 0.5842519389433214, 0.5891491760806695, 0.5843274243289911, 0.5778574119729076, 0.548305629999378, 0.5593922117834376, 0.5723685664243209, 0.5700300418001374, 0.5743143211872971, 0.5848627728935897, 0.5672867417625027, 0.5752940617103509, 0.5665067074942738, 0.5841488580000049, 0.5795460812479191, 0.5872477827444821]}