{"AUC": {"mean": 0.8564812026580718, "SD": 0.04852404611680281}, "acc": {"mean": 0.5972716488730725, "SD": 0.007926530900255345}, "Precision": {"mean": 0.6014266403077441, "SD": 0.007759012790536423}, "Recall": {"mean": 0.5972716488730725, "SD": 0.007926530900255345}, "F0.5": {"mean": 0.5985225372213061, "SD": 0.007671875505876705}, "F0": {"mean": 0.6014266403077441, "SD": 0.007759012790536423}, "F1": {"mean": 0.5964206709374205, "SD": 0.007754015824624948}}