{"AUC": {"mean": 0.8387444164658103, "SD": 0.03554899123763733}, "acc": {"mean": 0.5841637010676156, "SD": 0.007819064961821996}, "Precision": {"mean": 0.5877433183253284, "SD": 0.007421483170880741}, "Recall": {"mean": 0.5841637010676156, "SD": 0.007819064961821996}, "F0.5": {"mean": 0.585250825533538, "SD": 0.007311802413417207}, "F0": {"mean": 0.5877433183253284, "SD": 0.007421483170880741}, "F1": {"mean": 0.5832629258645714, "SD": 0.007392961965115661}}