{"AUC": {"mean": 0.8490394440780973, "SD": 0.049853665365442}, "acc": {"mean": 0.5790035587188613, "SD": 0.008561494935120336}, "Precision": {"mean": 0.5850085303774395, "SD": 0.009353251529436316}, "Recall": {"mean": 0.5790035587188613, "SD": 0.008561494935120336}, "F0.5": {"mean": 0.5807402425092867, "SD": 0.009029272837325074}, "F0": {"mean": 0.5850085303774395, "SD": 0.009353251529436316}, "F1": {"mean": 0.5775986618918619, "SD": 0.009126353663144668}}