{"AUC": {"mean": 0.8456336429971549, "SD": 0.038386970654230905}, "acc": {"mean": 0.5784104389086595, "SD": 0.009698189056213377}, "Precision": {"mean": 0.5894464655319721, "SD": 0.010821577467802974}, "Recall": {"mean": 0.5784104389086595, "SD": 0.009698189056213377}, "F0.5": {"mean": 0.5813042503496566, "SD": 0.009518917910736724}, "F0": {"mean": 0.5894464655319721, "SD": 0.010821577467802984}, "F1": {"mean": 0.5752891818434757, "SD": 0.010375976575764487}}