{"AUC": [[0.7727178812922615, 0.7620210808097707, 0.8745530515788753, 0.8810218357925741, 0.8186777443693752], [0.7770379413974455, 0.7616482229498793, 0.8729091033632441, 0.8812838086606815, 0.8184011432844842], [0.7739246806912096, 0.7614092115012309, 0.874868141653538, 0.8815316208332153, 0.8179913638994607], [0.7743191209616831, 0.7594158560195033, 0.8766353859853415, 0.8811705230960947, 0.8159219780050915], [0.7735912847483095, 0.7605344295991777, 0.875005137338174, 0.881818374918576, 0.8164803024171862], [0.775206611570248, 0.7549941442195081, 0.875909308856771, 0.8804837293607861, 0.8183294318921052], [0.7741876408715253, 0.7590429981596118, 0.8803068703335846, 0.8815811832677222, 0.8195177921086735], [0.7740467693463562, 0.7569731590143168, 0.8731419960271252, 0.8828839672604718, 0.817955508203271], [0.7744787753568746, 0.7578096990845862, 0.8725118158777999, 0.8822962983941771, 0.8164034687824943], [0.7719571750563488, 0.7596500872391787, 0.8762380984998972, 0.8793650344104902, 0.8177301295415078], [0.7762396694214877, 0.7600468462439351, 0.8779505445578464, 0.8779064827664336, 0.8169617931945888], [0.7736476333583772, 0.7605917923468534, 0.8735392835125694, 0.8805191310997197, 0.8162754127246744], [0.7759015777610818, 0.7612132221133392, 0.8700595931228167, 0.88062533631652, 0.8169413042253376], [0.7739340721262209, 0.7629962475202562, 0.8755120213713268, 0.8814537370075618, 0.820030016339953], [0.7752066115702481, 0.7586127775520448, 0.876347695047606, 0.8814254156164151, 0.8179452637186453], [0.7766528925619834, 0.7577714572528025, 0.8718268374546202, 0.8814678977031352, 0.818006730626399], [0.7749342599549212, 0.761385310356366, 0.871498047811494, 0.880866068141267, 0.8182474760151005], [0.7751972201352366, 0.7592533282344225, 0.8727995068155353, 0.8802429975360389, 0.8169413042253376], [0.7739387678437265, 0.7610793757020962, 0.8782793342009727, 0.8817157098756689, 0.8175610955451857], [0.7731968444778362, 0.7559884318458855, 0.8756353174874991, 0.8821900931773768, 0.8165673805365037]], "threshold": [[0.20753486454486847, 0.2528400719165802, 0.19138631224632263, 0.2962428629398346, 0.2715641260147095], [0.2216504067182541, 0.2372509241104126, 0.18571317195892334, 0.29585719108581543, 0.2461620569229126], [0.2096611112356186, 0.2593168616294861, 0.18860062956809998, 0.24966666102409363, 0.17987146973609924], [0.2033238410949707, 0.23909319937229156, 0.1956785023212433, 0.27713537216186523, 0.18881045281887054], [0.22680310904979706, 0.23411838710308075, 0.1905292421579361, 0.3141639232635498, 0.18173108994960785], [0.20634712278842926, 0.24461695551872253, 0.19182519614696503, 0.2764076292514801, 0.23936744034290314], [0.20696058869361877, 0.246299147605896, 0.21101391315460205, 0.28797563910484314, 0.18839600682258606], [0.25210222601890564, 0.24278496205806732, 0.20453064143657684, 0.3077101707458496, 0.19022689759731293], [0.17593802511692047, 0.236777201294899, 0.20216408371925354, 0.28802546858787537, 0.27690887451171875], [0.20201118290424347, 0.24138550460338593, 0.2049398124217987, 0.2875021994113922, 0.23402664065361023], [0.19971519708633423, 0.23642279207706451, 0.19355927407741547, 0.28037959337234497, 0.22488418221473694], [0.18762674927711487, 0.23816074430942535, 0.19249369204044342, 0.2793703079223633, 0.24977897107601166], [0.20085658133029938, 0.23965676128864288, 0.17184212803840637, 0.2810266613960266, 0.28430455923080444], [0.21175456047058105, 0.2428685575723648, 0.19497239589691162, 0.2771332263946533, 0.20424024760723114], [0.21761034429073334, 0.23943406343460083, 0.2018267959356308, 0.2717280983924866, 0.26948416233062744], [0.21152278780937195, 0.22175076603889465, 0.1847442090511322, 0.3206283450126648, 0.1945633590221405], [0.21743717789649963, 0.2421378195285797, 0.15705575048923492, 0.2738442122936249, 0.19009238481521606], [0.18521472811698914, 0.23874621093273163, 0.17587292194366455, 0.2760074734687805, 0.25826993584632874], [0.20673851668834686, 0.24311062693595886, 0.18766610324382782, 0.29408806562423706, 0.2650943100452423], [0.1834641844034195, 0.23230788111686707, 0.18845732510089874, 0.3094119429588318, 0.20081938803195953]], "acc": [[0.7163299663299664, 0.7769360269360269, 0.9259259259259259, 0.9234006734006734, 0.8308080808080808], [0.7516835016835017, 0.7836700336700336, 0.9284511784511784, 0.92003367003367, 0.8173400673400674], [0.7424242424242424, 0.7803030303030303, 0.9301346801346801, 0.9158249158249159, 0.7558922558922558], [0.7138047138047138, 0.7828282828282829, 0.9318181818181818, 0.92003367003367, 0.7508417508417509], [0.7314814814814815, 0.7794612794612794, 0.9326599326599326, 0.9166666666666666, 0.7550505050505051], [0.7239057239057239, 0.7937710437710438, 0.9292929292929293, 0.914983164983165, 0.8215488215488216], [0.7087542087542088, 0.7895622895622896, 0.9410774410774411, 0.9208754208754208, 0.7853535353535354], [0.781986531986532, 0.7853535353535354, 0.9351851851851852, 0.9183501683501684, 0.7861952861952862], [0.7028619528619529, 0.781986531986532, 0.9326599326599326, 0.9175084175084175, 0.8316498316498316], [0.7154882154882155, 0.781986531986532, 0.936026936026936, 0.9234006734006734, 0.8080808080808081], [0.7146464646464646, 0.7760942760942761, 0.9301346801346801, 0.9234006734006734, 0.8080808080808081], [0.7121212121212122, 0.7777777777777778, 0.930976430976431, 0.9217171717171717, 0.8181818181818182], [0.7289562289562289, 0.7760942760942761, 0.9242424242424242, 0.9208754208754208, 0.8316498316498316], [0.7373737373737373, 0.7727272727272727, 0.9301346801346801, 0.9225589225589226, 0.7996632996632996], [0.718013468013468, 0.7735690235690236, 0.9326599326599326, 0.9183501683501684, 0.8257575757575758], [0.7255892255892256, 0.7769360269360269, 0.9276094276094277, 0.9208754208754208, 0.7811447811447811], [0.7584175084175084, 0.7845117845117845, 0.9141414141414141, 0.9166666666666666, 0.7718855218855218], [0.7171717171717171, 0.7836700336700336, 0.9225589225589226, 0.92003367003367, 0.8156565656565656], [0.7272727272727273, 0.7786195286195287, 0.9259259259259259, 0.9225589225589226, 0.8265993265993266], [0.7154882154882155, 0.7727272727272727, 0.9267676767676768, 0.9217171717171717, 0.7954545454545454]],