{"AUC": [[0.7733060600739415, 0.8070511919346093, 0.8231675485008819, 0.8967756096179446, 0.8473306493961141], [0.7720839839208, 0.805695579699958, 0.8257777777777778, 0.8940213543289246, 0.8458803230726913], [0.7639091249934742, 0.8072168778744, 0.822716049382716, 0.8929097397264154, 0.8385286689505138], [0.7733440274884081, 0.8002781515474062, 0.8271463844797179, 0.884781500467303, 0.8447900777674977], [0.7673167004418456, 0.8120719779888741, 0.8264550264550266, 0.8948568353677534, 0.8428846490460354], [0.7643267665526062, 0.8117406061092924, 0.8240846560846562, 0.8982058398708544, 0.8520567127603711], [0.7694381297251632, 0.8081959311549818, 0.828599647266314, 0.8937593814608172, 0.8438498662198994], [0.7684177554613753, 0.8005141284919566, 0.827753086419753, 0.8993882579512306, 0.8453051936685755], [0.7700835757710945, 0.8045106741911514, 0.8235908289241622, 0.8923857939902008, 0.8443699832462305], [0.7704917254766096, 0.8151698029843552, 0.8180176366843033, 0.9012539295930216, 0.8502263009177066], [0.765057639281087, 0.804239551744221, 0.8173827160493825, 0.8983332861310147, 0.84262459053287], [0.7647918673798213, 0.809245275440323, 0.8206843033509701, 0.9009884165510209, 0.8480508114325724], [0.7579055275809536, 0.8047667342799187, 0.8297283950617285, 0.8964145118808236, 0.8465404716061115], [0.7706388492076675, 0.8039583877251822, 0.8275696649029983, 0.8999688464697385, 0.8416793778600186], [0.7665288765916651, 0.8051232100897716, 0.8262716049382717, 0.9027655838454786, 0.8475557000325074], [0.769238800799214, 0.8034914546221357, 0.827668430335097, 0.8926760882494547, 0.8399139806456452], [0.763425040459026, 0.8021157592432673, 0.8183421516754851, 0.9027868248888385, 0.8485009127053587], [0.7680570650239431, 0.8004689414174684, 0.8224479717813052, 0.8971083859639185, 0.8450101272786377], [0.7698747549915285, 0.8070060048601209, 0.8265820105820105, 0.8994732221246708, 0.8435197919531895], [0.7789394751954135, 0.8077842266985321, 0.8265961199294533, 0.8910971706930245, 0.8448951013978145]], "threshold": [[0.2630067765712738, 0.2462599277496338, 0.19459198415279388, 0.31527674198150635, 0.23214417695999146], [0.2775302529335022, 0.21451690793037415, 0.19668857753276825, 0.28890272974967957, 0.2784155011177063], [0.2569737136363983, 0.3245863616466522, 0.2096618413925171, 0.3336884081363678, 0.25136277079582214], [0.16254077851772308, 0.24794460833072662, 0.26378095149993896, 0.31169629096984863, 0.3295374810695648], [0.2313399761915207, 0.3154422342777252, 0.22456614673137665, 0.31557175517082214, 0.28055188059806824], [0.2579094469547272, 0.20775313675403595, 0.19331508874893188, 0.2533741891384125, 0.2449420839548111], [0.25030964612960815, 0.2604701519012451, 0.3432658016681671, 0.3092285394668579, 0.28220316767692566], [0.23088902235031128, 0.23004692792892456, 0.1523355096578598, 0.30476993322372437, 0.2815984785556793], [0.2976848781108856, 0.205759659409523, 0.20981352031230927, 0.30191129446029663, 0.26393598318099976], [0.2868734300136566, 0.25472763180732727, 0.2348526567220688, 0.2954210042953491, 0.22959913313388824], [0.3134687840938568, 0.28840386867523193, 0.18655623495578766, 0.28590381145477295, 0.23576462268829346], [0.1529790759086609, 0.2731393277645111, 0.19812527298927307, 0.3045687973499298, 0.27580660581588745], [0.17887498438358307, 0.23366142809391022, 0.17633482813835144, 0.4059312343597412, 0.26974692940711975], [0.19947761297225952, 0.21025033295154572, 0.16339319944381714, 0.32838863134384155, 0.29070577025413513], [0.20275282859802246, 0.2208544760942459, 0.18319982290267944, 0.3817138671875, 0.2589489817619324], [0.2136283814907074, 0.2015846073627472, 0.20421253144741058, 0.3209060728549957, 0.2731400728225708], [0.2339215874671936, 0.19668316841125488, 0.1865454912185669, 0.4117138981819153, 0.2664179801940918], [0.17490537464618683, 0.2531069815158844, 0.20568306744098663, 0.3356926739215851, 0.24327287077903748], [0.2293628305196762, 0.25134116411209106, 0.17718073725700378, 0.31764528155326843, 0.27475765347480774], [0.27836185693740845, 0.21377313137054443, 0.209298774600029, 0.2895468473434448, 0.3266157805919647]], "acc": [[0.7382154882154882, 0.8021885521885522, 0.9158249158249159, 0.9116161616161617, 0.8164983164983165], [0.7533670033670034, 0.76010101010101, 0.9191919191919192, 0.9141414141414141, 0.8274410774410774], [0.7626262626262627, 0.8089225589225589, 0.914983164983165, 0.9090909090909091, 0.819023569023569], [0.6893939393939394, 0.7760942760942761, 0.9301346801346801, 0.9141414141414141, 0.8392255892255892], [0.7710437710437711, 0.8055555555555556, 0.9158249158249159, 0.9158249158249159, 0.8333333333333334], [0.7306397306397306, 0.7735690235690236, 0.9099326599326599, 0.9082491582491582, 0.8333333333333334], [0.7643097643097643, 0.8156565656565656, 0.9452861952861953, 0.9141414141414141, 0.8274410774410774], [0.7171717171717171, 0.7971380471380471, 0.8880471380471381, 0.9175084175084175, 0.8173400673400674], [0.73989898989899, 0.7769360269360269, 0.9141414141414141, 0.914983164983165, 0.8341750841750841], [0.7525252525252525, 0.8072390572390572, 0.9259259259259259, 0.9099326599326599, 0.8215488215488216], [0.7727272727272727, 0.813973063973064, 0.9006734006734006, 0.9107744107744108, 0.8316498316498316], [0.6464646464646465, 0.7988215488215489, 0.9107744107744108, 0.9175084175084175, 0.8308080808080808], [0.686026936026936, 0.8013468013468014, 0.8973063973063973, 0.9175084175084175, 0.8257575757575758], [0.6927609427609428, 0.7836700336700336, 0.9090909090909091, 0.9158249158249159, 0.8282828282828283], [0.6986531986531986, 0.7920875420875421, 0.9166666666666666, 0.9183501683501684, 0.8308080808080808], [0.7196969696969697, 0.7769360269360269, 0.9208754208754208, 0.9132996632996633, 0.8367003367003367], [0.7062289562289562, 0.7777777777777778, 0.9015151515151515, 0.9191919191919192, 0.8274410774410774], [0.6877104377104377, 0.7920875420875421, 0.9242424242424242, 0.9141414141414141, 0.813973063973064], [0.7424242424242424, 0.7937710437710438, 0.8981481481481481, 0.9183501683501684, 0.8223905723905723], [0.7542087542087542, 0.7996632996632996, 0.92003367003367, 0.9099326599326599, 0.8392255892255892]],