{"AUC": [[0.7852441019174555, 0.7917809785093735, 0.8819590336134454, 0.878294910830796, 0.8237169676563617], [0.7871223177006407, 0.7920524691358025, 0.8828518907563025, 0.8757653829424165, 0.8170390776451382], [0.7862184814669483, 0.7957295000762078, 0.8826811974789917, 0.8839294676615251, 0.8187888990919294], [0.7822945095255521, 0.7954484834628868, 0.8847951680672269, 0.877291129922709, 0.8232119171513111], [0.7874265357500297, 0.7948864502362445, 0.8813681722689075, 0.880737444373808, 0.8228293031323334], [0.786165573980098, 0.7963391632373114, 0.880672268907563, 0.8834008097165993, 0.8218089990817264], [0.7903893550136457, 0.7970917162017985, 0.8798844537815126, 0.8812995616823368, 0.8235486174880116], [0.7865403353452874, 0.7912951531778694, 0.8828125, 0.8787231906849133, 0.8221354963779205], [0.7863287053978864, 0.7952389117512574, 0.8793461134453782, 0.8801485595743969, 0.8181563105805529], [0.7898558711879053, 0.7942196311537876, 0.8790047268907563, 0.8823568775721885, 0.8192735435159677], [0.7849090211674037, 0.7984539323273891, 0.882234768907563, 0.880690601264764, 0.820462197734925], [0.7828191754368174, 0.7941386602652034, 0.879766281512605, 0.8800147221199853, 0.8249107233955719], [0.7852926004470684, 0.7968964334705075, 0.8810005252100841, 0.8819219058453506, 0.8205642281399859], [0.784776752450278, 0.7967773586343545, 0.8839810924369749, 0.8774918861043263, 0.8170441791653912], [0.7878453866875945, 0.796124828532236, 0.8802258403361345, 0.8802690132833674, 0.823339455157637], [0.7865756070031876, 0.796086724584667, 0.8827862394957984, 0.8779368956402449, 0.8214518926640139], [0.7819373839893127, 0.7942815500685871, 0.8818802521008403, 0.8790176330846188, 0.8179216406489134], [0.7855747737102697, 0.7963058222831885, 0.8803834033613446, 0.8821025864088065, 0.8222477298234873], [0.782268055782127, 0.7948340573083372, 0.8819459033613446, 0.8785692776123398, 0.8214774002652789], [0.7810908641997081, 0.7928002591068435, 0.8792016806722689, 0.8798005821929267, 0.8222273237424753]], "threshold": [[0.20576250553131104, 0.24364200234413147, 0.1543751209974289, 0.28331854939460754, 0.21341460943222046], [0.24079668521881104, 0.18583416938781738, 0.17058569192886353, 0.30497440695762634, 0.2085769921541214], [0.18883708119392395, 0.2066541314125061, 0.15937818586826324, 0.22615474462509155, 0.24156884849071503], [0.2502990961074829, 0.22928735613822937, 0.15853139758110046, 0.2754637598991394, 0.22418087720870972], [0.24298544228076935, 0.18787090480327606, 0.15863369405269623, 0.2954418361186981, 0.32351455092430115], [0.24358311295509338, 0.1901610642671585, 0.16323426365852356, 0.3066921830177307, 0.2544596791267395], [0.24293647706508636, 0.23904839158058167, 0.15933658182621002, 0.28800079226493835, 0.2703453302383423], [0.23141534626483917, 0.23956827819347382, 0.16481053829193115, 0.2746061682701111, 0.22384047508239746], [0.2696591019630432, 0.1855243444442749, 0.16768790781497955, 0.2831934690475464, 0.23468461632728577], [0.1904064267873764, 0.1831962764263153, 0.1627584546804428, 0.29477182030677795, 0.2513323128223419], [0.23336438834667206, 0.21194086968898773, 0.15923643112182617, 0.30553075671195984, 0.2553116977214813], [0.1861104518175125, 0.1757916659116745, 0.15344665944576263, 0.2612609565258026, 0.2865198850631714], [0.18158979713916779, 0.18584197759628296, 0.14612942934036255, 0.2498171478509903, 0.2884868383407593], [0.22728058695793152, 0.1949249505996704, 0.17703616619110107, 0.2648009657859802, 0.2588709592819214], [0.23614677786827087, 0.19354160130023956, 0.1672818809747696, 0.27191102504730225, 0.2667827904224396], [0.215647891163826, 0.18784216046333313, 0.15728674829006195, 0.2575305998325348, 0.2877753674983978], [0.2570466697216034, 0.1688704788684845, 0.16609786450862885, 0.2712295949459076, 0.267885684967041], [0.20193326473236084, 0.24558641016483307, 0.1640131026506424, 0.32608261704444885, 0.2722907066345215], [0.241414412856102, 0.24004997313022614, 0.18149548768997192, 0.239784836769104, 0.2729768455028534], [0.20472674071788788, 0.22790448367595673, 0.16191424429416656, 0.26086631417274475, 0.240657776594162]], "acc": [[0.6986531986531986, 0.7887205387205387, 0.9284511784511784, 0.898989898989899, 0.8080808080808081], [0.7617845117845118, 0.7171717171717171, 0.9292929292929293, 0.8914141414141414, 0.7971380471380471], [0.6877104377104377, 0.7533670033670034, 0.9276094276094277, 0.8939393939393939, 0.8089225589225589], [0.7297979797979798, 0.7727272727272727, 0.92003367003367, 0.9048821548821548, 0.7962962962962963], [0.7432659932659933, 0.7331649831649831, 0.9234006734006734, 0.9082491582491582, 0.8434343434343434], [0.7668350168350169, 0.7373737373737373, 0.9225589225589226, 0.9107744107744108, 0.8106060606060606], [0.7449494949494949, 0.7853535353535354, 0.9259259259259259, 0.9082491582491582, 0.8198653198653199], [0.7297979797979798, 0.7811447811447811, 0.9259259259259259, 0.8998316498316499, 0.8013468013468014], [0.7575757575757576, 0.7441077441077442, 0.9267676767676768, 0.9132996632996633, 0.7988215488215489], [0.7053872053872053, 0.7281144781144782, 0.9234006734006734, 0.9124579124579124, 0.8131313131313131], [0.7247474747474747, 0.7634680134680135, 0.9234006734006734, 0.9166666666666666, 0.8097643097643098], [0.6936026936026936, 0.7171717171717171, 0.9217171717171717, 0.9031986531986532, 0.8265993265993266], [0.696969696969697, 0.7306397306397306, 0.9183501683501684, 0.9065656565656566, 0.8249158249158249], [0.7474747474747475, 0.7558922558922558, 0.9250841750841751, 0.898989898989899, 0.8013468013468014], [0.7432659932659933, 0.7415824915824916, 0.9318181818181818, 0.9082491582491582, 0.8249158249158249], [0.7163299663299664, 0.734006734006734, 0.9191919191919192, 0.9023569023569024, 0.82996632996633], [0.7617845117845118, 0.7213804713804713, 0.9225589225589226, 0.9074074074074074, 0.8223905723905723], [0.7213804713804713, 0.7836700336700336, 0.9259259259259259, 0.9124579124579124, 0.8131313131313131], [0.7323232323232324, 0.7803030303030303, 0.9318181818181818, 0.9031986531986532, 0.8240740740740741], [0.6936026936026936, 0.7710437710437711, 0.9267676767676768, 0.9015151515151515, 0.8131313131313131]],