{"AUC": [[0.7932120126477492, 0.7901282197835695, 0.8349347442680776, 0.8847857700697492, 0.8352072203127642], [0.7973645998724368, 0.7874418914799575, 0.8330723104056437, 0.8785042953706945, 0.8361906908368206], [0.7954601998489146, 0.7914904359091601, 0.8312804232804233, 0.8760267147819999, 0.8252547034990039], [0.793447235453505, 0.7840554031397653, 0.8294038800705467, 0.8888320361942208, 0.8224886926500945], [0.7873857246898, 0.7883897271757354, 0.8314497354497354, 0.8744782269140657, 0.8276775241129557], [0.7970208126947939, 0.7851794695930499, 0.8352592592592591, 0.8890138152048044, 0.8291271186874766], [0.7965729846607589, 0.7948102423411065, 0.8142786596119929, 0.8748552500471279, 0.838582777996896], [0.7990835357606517, 0.7987158969669259, 0.8273298059964727, 0.8880577922602537, 0.8346284069314184], [0.8004677315022144, 0.7911665523548239, 0.8259894179894179, 0.8875865133439259, 0.8306228134428129], [0.7930898777293762, 0.7846650663008689, 0.8491851851851852, 0.8856340721191394, 0.825177869864312], [0.7924565855600338, 0.7892423030025911, 0.8255661375661376, 0.8794266555355075, 0.8265967309849559], [0.7934969941239535, 0.7888660265203475, 0.8334109347442681, 0.8862803974901032, 0.8268425986159701], [0.7922394568162594, 0.786608367626886, 0.8386455026455026, 0.8795343764306681, 0.8381371429156828], [0.7986311842111216, 0.7964201341258954, 0.8291075837742504, 0.890306465946732, 0.8298493548535807], [0.7911311955199103, 0.794119608291419, 0.8409594356261023, 0.8852705140979721, 0.8285226940945668], [0.8048826826256293, 0.7886755067825026, 0.841326278659612, 0.8745051571378558, 0.8302335230270403], [0.796183962328163, 0.7943101280292639, 0.8398165784832452, 0.8923868257345219, 0.837855419588479], [0.8008929419587727, 0.7909522176497485, 0.8382645502645503, 0.8856610023429295, 0.8308635588315141], [0.7970343832412798, 0.7895376085962506, 0.8258483245149911, 0.8868055368540113, 0.8291834633529174], [0.7984231024983376, 0.7964248971193415, 0.8309700176366843, 0.8878894783615651, 0.8300542445460926]], "threshold": [[0.2244167923927307, 0.2812701463699341, 0.18720950186252594, 0.2664877474308014, 0.22074048221111298], [0.279859721660614, 0.21552838385105133, 0.1729188710451126, 0.31068557500839233, 0.3570489287376404], [0.2726988196372986, 0.24416963756084442, 0.10171718150377274, 0.3643041253089905, 0.32569146156311035], [0.2665870785713196, 0.2087649703025818, 0.1252160370349884, 0.24790425598621368, 0.27606913447380066], [0.2790411114692688, 0.3152477741241455, 0.10213550180196762, 0.23392122983932495, 0.3245232403278351], [0.2768944501876831, 0.2654136121273041, 0.16044987738132477, 0.28283780813217163, 0.32609108090400696], [0.3112010955810547, 0.2743310034275055, 0.22014477849006653, 0.11995674669742584, 0.2646268606185913], [0.27185624837875366, 0.2558048367500305, 0.15973974764347076, 0.27574506402015686, 0.2635596990585327], [0.24674952030181885, 0.2234235256910324, 0.0851680114865303, 0.24663108587265015, 0.4450361728668213], [0.2599911093711853, 0.166922464966774, 0.19541244208812714, 0.32494670152664185, 0.3572690188884735], [0.30980560183525085, 0.23000454902648926, 0.1380942314863205, 0.3977755010128021, 0.2237740308046341], [0.26011818647384644, 0.11278794705867767, 0.28879836201667786, 0.4052819311618805, 0.28014522790908813], [0.2662126421928406, 0.2860683500766754, 0.16680264472961426, 0.3163506090641022, 0.21092256903648376], [0.28337186574935913, 0.19421003758907318, 0.12078167498111725, 0.2411753088235855, 0.2541424334049225], [0.26945677399635315, 0.1409672200679779, 0.176791250705719, 0.3000692129135132, 0.3297433853149414], [0.3025262653827667, 0.22954638302326202, 0.08981594443321228, 0.26536574959754944, 0.4109332859516144], [0.2750678062438965, 0.17075875401496887, 0.17836672067642212, 0.23842106759548187, 0.35191836953163147], [0.27563706040382385, 0.3267618417739868, 0.09892284125089645, 0.376877099275589, 0.20250366628170013], [0.30579525232315063, 0.28467461466789246, 0.10715078562498093, 0.18536290526390076, 0.2600317895412445], [0.3262597620487213, 0.2764563262462616, 0.0930422767996788, 0.21665310859680176, 0.2885605990886688]], "acc": [[0.7861952861952862, 0.7592592592592593, 0.9015151515151515, 0.8947811447811448, 0.8316498316498316], [0.7878787878787878, 0.7929292929292929, 0.8947811447811448, 0.8998316498316499, 0.8274410774410774], [0.7954545454545454, 0.7752525252525253, 0.8804713804713805, 0.9057239057239057, 0.8442760942760943], [0.7777777777777778, 0.7718855218855218, 0.8804713804713805, 0.8981481481481481, 0.7937710437710438], [0.781986531986532, 0.8013468013468014, 0.872895622895623, 0.9065656565656566, 0.8383838383838383], [0.8106060606060606, 0.7861952861952862, 0.8863636363636364, 0.8905723905723906, 0.835016835016835], [0.7803030303030303, 0.8198653198653199, 0.9023569023569024, 0.8855218855218855, 0.8274410774410774], [0.7508417508417509, 0.8005050505050505, 0.9175084175084175, 0.8939393939393939, 0.8291245791245792], [0.7693602693602694, 0.7803030303030303, 0.8888888888888888, 0.8939393939393939, 0.8468013468013468], [0.8148148148148148, 0.7567340067340067, 0.8973063973063973, 0.9057239057239057, 0.8257575757575758], [0.8005050505050505, 0.7693602693602694, 0.8888888888888888, 0.9031986531986532, 0.8063973063973064], [0.7937710437710438, 0.6885521885521886, 0.914983164983165, 0.9057239057239057, 0.8316498316498316], [0.7777777777777778, 0.7558922558922558, 0.877104377104377, 0.9040404040404041, 0.8291245791245792], [0.7676767676767676, 0.781986531986532, 0.8930976430976431, 0.8998316498316499, 0.8148148148148148], [0.7878787878787878, 0.7525252525252525, 0.8888888888888888, 0.8956228956228957, 0.8291245791245792], [0.8131313131313131, 0.7449494949494949, 0.8813131313131313, 0.9023569023569024, 0.8459595959595959], [0.7449494949494949, 0.7752525252525253, 0.9023569023569024, 0.9006734006734006, 0.8535353535353535], [0.8013468013468014, 0.8038720538720538, 0.8787878787878788, 0.8981481481481481, 0.8291245791245792], [0.7887205387205387, 0.7861952861952862, 0.8678451178451179, 0.8855218855218855, 0.82996632996633], [0.8055555555555556, 0.7870370370370371, 0.8897306397306397, 0.898989898989899, 0.8434343434343434]],