{"AUC": {"mean": 0.8326215734526546, "SD": 0.041013597269399904}, "threshold": {"mean": 0.22553202986717225, "SD": 0.04619948565887904}, "acc": {"mean": 0.8248821548821549, "SD": 0.08085908883951487}, "Precision": {"mean": 0.8623382582190431, "SD": 0.05098290418649205}, "Recall": {"mean": 0.8248821548821549, "SD": 0.08085908883951487}, "F0.5": {"mean": 0.8507457985474953, "SD": 0.06026142778706563}, "F0": {"mean": 0.8623382582190431, "SD": 0.05098290418649207}, "F1": {"mean": 0.836911670431896, "SD": 0.0720057851204877}}