{"AUC": {"mean": 0.8215301808405506, "SD": 0.04991002428031904}, "threshold": {"mean": 0.230411264449358, "SD": 0.03867268857349221}, "acc": {"mean": 0.831574074074074, "SD": 0.08117979662450034}, "Precision": {"mean": 0.8620884979258626, "SD": 0.05417096759518781}, "Recall": {"mean": 0.831574074074074, "SD": 0.08117979662450034}, "F0.5": {"mean": 0.8527563495480933, "SD": 0.061569028486524346}, "F0": {"mean": 0.8620884979258626, "SD": 0.054170967595187816}, "F1": {"mean": 0.8415360068627497, "SD": 0.071918421712093}}