{"AUC": {"mean": 0.8267471311734818, "SD": 0.0337733830140603}, "threshold": {"mean": 0.2482542249560356, "SD": 0.07727009815490397}, "acc": {"mean": 0.8361363636363638, "SD": 0.05393778279266106}, "Precision": {"mean": 0.8622762271939721, "SD": 0.047479878483799254}, "Recall": {"mean": 0.8361363636363638, "SD": 0.05393778279266106}, "F0.5": {"mean": 0.85519633922747, "SD": 0.048957421093913024}, "F0": {"mean": 0.8622762271939721, "SD": 0.047479878483799254}, "F1": {"mean": 0.8461254205992215, "SD": 0.05154772365387001}}