{"AUC": {"mean": 0.8281186609475839, "SD": 0.042697579252380456}, "threshold": {"mean": 0.2545781923830509, "SD": 0.05388834239828897}, "acc": {"mean": 0.8349915824915826, "SD": 0.07450797456943194}, "Precision": {"mean": 0.866570841765514, "SD": 0.04854359946978465}, "Recall": {"mean": 0.8349915824915826, "SD": 0.07450797456943194}, "F0.5": {"mean": 0.8572403439632461, "SD": 0.05607943698687911}, "F0": {"mean": 0.866570841765514, "SD": 0.04854359946978464}, "F1": {"mean": 0.845847498163112, "SD": 0.06605605864697026}}